timestamp,NETWORK-VIEWER (percent),go.d.plugin (percent),sd-unit.plugin (percent),tc-qos-helper (percent),apps.plugin (percent),debugfs.plugin (percent),containerd-shim-runc-v2 (percent),dockerd (percent),containerd (percent),rsyslogd (percent),snapfuse (percent),netdata (percent),packagemanager (percent),kernel (percent),systemd-journald (percent),systemd (percent),desktop (percent),anomaly%,annotations
1755920229000,0,0.7961442,0,0,0.7961499,0,0,0.7961671,0,0,0,3.1846047,0,105.88681,0,0,0,-,-
1755920230000,0,0.9015067,0,0,0,0,0,2.7044353,0,0,0,1.8029712,0,137.01071,0,0,0,-,-
1755920231000,0,0.8631709,0,0,0,0,0,0.8632167,0,0,0,2.5894718,0,121.70831,0,0,0,-,-
1755920232000,0,0.7935449,0,0,0.7935428,0,0,0.7935249,0,0,0,2.3806226,0,114.269967,0,0,0.7934977,-,-
1755920233000,0,0.9000989,0,0.7935492,0,0,0,1.80006,0,0,0,3.6004489,0.9000041,2.699898,0,0.9000373,0,-,-
1755920234000,0,24.0696828,0,0,0,0,0,2.3295358,0,0,0,1.552806,0,0,0,0,0,-,-
1755920235000,0,0.9001191,0,0,0.9001183,0,0,0.9000486,0,0,0,2.700346,0,4.500243,0,0,0,-,-
1755920236000,0,0,0,0,0.6429199,0,0,0.6429089,0,0,0,1.285849,0,1.928796,0,0,0,-,-
1755920237000,0,0.9001775,0,0,0,0,0,1.2001813,0,0,0,2.7004835,0,0,0,0.5999209,0,-,-
1755920238000,0,1.7998754,0.8999352,0,0,0,0,1.79989,0.8999498,0,0,2.6998912,0,0,0,0,0,-,-
1755920239000,0,0.9000794,0,0,0,0,0,0.9000956,0,0,0,1.800149,0,0,0,0,0,-,-
1755920240000,0,1.5313641,0,0,0.7656738,0,0,0.7656289,0,0,0,1.5314317,0,5.3587426,0,0,0,-,-
1755920241000,0,0,0,0,0,0,0,4.4986237,0,0,0,4.49966,0,1.798467,0,0,0,-,-
1755920242000,0,1.800115,0,1.79994,0.9000738,0,0,2.7004712,0,0,0,4.4998562,0,0,0.9000681,0,0.9002585,-,-
1755920243000,0,0.8999547,0,0,0,0,0,0.9001054,0.9001815,0,0,3.5999593,0,0,0,0,0,-,-
1755920244000,0,1.7998462,0,0,0,0,0,1.799655,0,0,0,0,0,0,0,0,0,-,-
1755920245000,0,0,0,0,0,0,0,0.6231443,0,0,0,3.7388293,0,3.1153313,0,0,0,-,-
1755920246000,0,0.899465,0,0.6231331,0.8994269,0,2.6988122,0,0,0,0,1.799132,0,2.6968423,0,0,0,-,-
1755920247000,0,0.5625298,0,0,0,0,0,2.250375,0,0,0,1.68759,0,0,0,0,0,-,-
1755920248000,0,0,0,0,0,0,0,1.801448,0,0,0,3.601138,0,0,0,0,0,-,-
1755920249000,-,-,-,0,-,-,-,-,-,-,-,-,-,-,-,-,-,-,-
1755920250000,-,-,-,-,-,-,-,-,-,-,-,-,-,-,-,-,-,-,-
1755920251000,-,-,-,-,-,-,-,-,-,-,-,-,-,-,-,-,-,-,-
1755920252000,0,0.3583932,0,0,0,0,0,1.4420693,0.3582546,0,0,3.2419384,0,0,0,0,0,-,-
1755920253000,0,0.8996211,0,0,0,0,0,0.8993533,0.8992732,0,0,2.6994949,0,0,0,0,0,-,-
1755920254000,0,0.9001135,0,0,0.9001604,0,0,2.7013711,0,0,0,2.7001846,0,6.304949,0,0,0,-,-
1755920255000,0,0,0,0,0,0,0,0,0,0,0,2.6998553,0,0,0,0,0,-,-
1755920256000,0,0.179964,0,0.9000041,0,0,0,0.2699268,0,0,0,0.3599404,0,0,0,0.0899765,0,-,-
1755920257000,0,0,0,0,0,0,0,1.800447,0,0,0,1.799966,0,0,0,0,0.9002998,-,-
1755920258000,0,0.2248509,0,0,0.2248438,0,0,0.2247803,0,0,0,0.2248693,0,0,0,0,0,-,-
1755920259000,0,0,0,0,0,0,0,0.7715758,0,0,0,3.0861352,0,6.1726959,0,0,0,-,-
1755920260000,0,0.5399787,0,0.7715091,0,0,0,0,0,0,0,1.6199964,0,0,0,0,0,-,-
1755920261000,0,0,0,0.5399981,0,0,0,1.7999418,0,0,0,0.9000252,0,0,0,0,0,-,-
1755920262000,0,0.8999936,0,0,0.9000041,0,0,1.3501038,0,0,0,2.6999492,0,0,0,0,0,-,-
1755920263000,0,0,0,0.4501256,0,0,0,1.8004575,0,0,0,1.8002814,0,0,0,0,0,-,-
1755920264000,0,0.5723214,0,0,0,0,0,0.5721284,0.5720352,0,0,0.5724342,0,3.4312739,0.5722977,0,0,-,-
1755920265000,0,0,0,0,0.9003809,0,0,1.8013344,0,0,0,0.9000478,0,0,0,0,0,-,-
1755920266000,0,0.8993431,0,0,0.899335,0,0,0,0,0,0,1.798903,0,0,0,0,0,-,-
1755920267000,0,0.7877845,0,0,0,0,0,0.7878214,0,0,0,3.9387336,0,0,0,0,0.7879122,-,-
1755920268000,0.9000397,0,0,0,0,0,0,0.9001572,0,0,0,0.8999903,0,0,0,0,0,-,-
1755920269000,0,0.9001013,0,0.9000025,0,0,0,2.7009629,0,0,0,1.8001191,0,5.403054,0,0,0,-,-
1755920270000,0,0,0,0,0.8999506,0,0,0.899996,0,0,0,1.79986,0,0,0,0,0,-,-
1755920271000,0,0.9001451,0,0,0,0,0,2.250206,0,0,0,1.3499368,0,0,0,0,0,-,-
1755920272000,0,0.8996567,0,0,0,0,0,0.8992724,0,0,0,1.7991235,3.5965947,0,0,0.8999944,0,-,-
1755920273000,0,0,0,0,0,0,0,0.9007386,0.9008513,0,0,3.6007987,0,0.9011152,0,0,0,-,-
1755920274000,0,0,0,0,0,0,0,3.5976692,0,0.8993137,0,2.6997686,0,10.79028,0.8991964,0,0.8992959,-,-
1755920275000,0,0,0,0.899885,0.9002577,0,0,2.7012542,0,0,0,0.9003082,0,0,0,0,0,-,-
1755920276000,0,0.9000122,0,0,0,0,0,1.8002236,0,0,0,4.500303,0,0,0,0,0,-,-
1755920277000,0,1.7984932,0,0.8999239,0.8992466,0,0,0.8991285,0,0,0,7.194944,2.697189,0,0,0,0,-,-
1755920278000,0,0,0,0,0,0,0,1.800107,0,0,0,0.8999676,0,0,0,0,0,-,-
1755920279000,0,0.7617698,0,0,0.7617746,0,0,0,0,0,0,2.284942,0,6.094384,0,0,0,-,-
1755920280000,0,0,0,0,0,0,0,1.799976,0,0,0,1.799953,0,0,0,0,0,-,-
1755920281000,0,0.8998512,0,0,0,0,0,1.799672,0,0,0,1.799821,0,0,0,0,0,-,-
1755920282000,0,0.5141781,0,0,0,0,0,0.1285234,0.1285183,0,0,0.1285475,0,0,0,0,0,-,-
1755920283000,0,1.285104,0,0,0,0,0,0.6424699,0,0,0,1.2853608,0,0,0.6425341,0.6424422,0,-,-
1755920284000,-,-,-,0,-,-,-,-,-,-,-,-,-,-,-,-,-,-,-
1755920285000,-,-,-,-,-,-,-,-,-,-,-,-,-,-,-,-,-,-,-
1755920286000,-,-,-,-,-,-,-,-,-,-,-,-,-,-,-,-,-,-,-
1755920287000,0,1.0973473,0.3253512,0,0.3253597,0,0,0.7113905,1.6273215,0,0,2.0733553,0,2.2787217,0.3859909,0.7114301,0,-,-
1755920288000,0,0.8148517,0.8148694,0,0.8148906,0,0,0.8150873,4.075763,0,0,3.2589591,0,5.7072505,0,0.8152282,0,-,-
1755920289000,0,0.9001767,0,0,0.9001953,0,0,2.7009406,0,0,0,0.9001029,0,0,0,0,0,-,-
1755920290000,0,0,0,0,0,0,0,1.6203054,0,0,0,1.0801102,0,0,0,0,0,-,-
1755920291000,0,0.5398922,0,0,0,0,0,0.5398737,0,0,0,1.6197165,0,0,0,0,0,-,-
1755920292000,0,0,0,0,0,0,5.395757,0.8995467,0.8994989,0,0,1.7999288,0,0,0,0,0.8994811,-,-
1755920293000,0,0,0,0,0,0,0,0.6302769,0,0,0,0.6300704,0,5.0425519,0,0,0,-,-
1755920294000,0,0.6748541,0,0,0,0,0,0.6748134,0,0,0,1.3497834,0,0,0,0,0,-,-
1755920295000,0,0,0,0,0.6001653,0,0,0,0,0,0,1.2002625,0,0,0,0,0,-,-
1755920296000,0,0,0,0,0.7499547,0,0,2.2495988,0,0,0,1.4998878,0,0,0,0,0,-,-
1755920297000,0,0.4501697,0,0,0,0,0,0.9004684,0.450256,0,0,0.9002362,0,0,0,0,0,-,-
1755920298000,0,0.6541636,0,0,0,0,0,0,0,0,0,1.3084922,0,4.575968,0,0,0,-,-
1755920299000,0,0,0,0.6542108,0,0,0,0.900599,0,0,0,0,0,0,0,0,0,-,-
1755920300000,0,0,0,0.9001459,0,0,0,0,0,0,0,2.2490395,0,0,0.4497848,0,0,-,-
1755920301000,0,0.3000717,0,0,0.3000763,0,0,0.600192,0,0,0,0.6000959,0,0,0,0,0,-,-
1755920302000,0,0.3000381,0,0,0,0,0,0.3000584,0,0,0,0.3000354,0,0,0,0,0,-,-
1755920303000,0,0,0,0,0,0,0,0.4153429,0,0,0,1.2460367,0,3.7377166,0,0,0,-,-
1755920304000,0,0.3857234,0,0,0,0,0,0.7714016,0,0,0,1.1571591,0,0,0,0,0.3856939,-,-
1755920305000,0,0,0,0,0,0,0,0,0,0,0,1.8002755,0,0,0,0,0,-,-
1755920306000,0,0,0,0,0.8999749,0,0,1.799922,0,0,0,0.9000009,0,0,0,0,0,-,-
1755920307000,0,0.9000195,0,0,0,0,0,2.7001141,0,0,0,4.500038,0,0,0,0,0,-,-
1755920308000,0,0,0,0,0,0,0,0,0.8991128,0,0,2.6987062,0,6.2929415,0,0,0,-,-
1755920309000,0,0,0,0,0,0,0,3.1492771,0,0,0,3.14959,0,0,0,0,0,-,-
1755920310000,0,0.4505786,0,0,0.2253065,0,0,0,0,0,0,0.9010173,0,0,0,0,0,-,-
1755920311000,0,0,0,0.2252726,0.7190155,0,0,0.7188066,0,0,0,2.1570401,0,0,0,0,0,-,-
1755920312000,0,0,0,0,0,0,0,0.4500228,0,0,0,0.4501545,0,0,0,0,0,-,-
1755920313000,0,0.7365695,0,0,0,0,0,0,0,0,0,1.4731165,0,5.158828,0,0.7368772,0,-,-
1755920314000,0,0,0,0,0,0,0,0.8996357,0,0,0,0.8997506,0,0,0,0,0,-,-
1755920315000,0,0.7499323,0,0,0.7499316,0,0,0.7498324,0,0,0,2.2497085,0,0,0,0,0,-,-
1755920316000,0,0,0,0,0,0,0,0.450525,0,0,0,1.3509356,0,0,0,0,0,-,-
1755920317000,0,0.8998203,0,0,0,0,0,0.8997102,0,0,0,1.799754,0,0,0,0,0,-,-
1755920318000,0,0,0,0,0,0,0,0.5541512,0,0,0,1.6619348,0,4.4337491,0.5540688,0,0,-,-
1755920319000,0,0,0,0,0,0,0,0,0,0,0,1.7983087,0,0,0,0,0,-,-
1755920320000,-,-,-,0,-,-,-,-,-,-,-,-,-,-,-,-,-,-,-
1755920321000,-,-,-,-,-,-,-,-,-,-,-,-,-,-,-,-,-,-,-
1755920322000,-,-,-,-,-,-,-,-,-,-,-,-,-,-,-,-,-,-,-
1755920323000,0,0.1026585,0,0,0.1026602,0,0.1026578,0.1026758,0.102689,0,0,1.1832243,0,0,0,0,0.1026937,-,-
1755920324000,0,0.2572115,0,0,0.2572159,0,0.2572099,0.257255,0.2572879,0,0,0.2572103,0,0,0,0,0.2572997,-,-
1755920325000,0,0,0,1.297667,0.8993334,0,0,0,0,0,0,0.8995204,0,0,0,0,0,-,-
1755920326000,0,0,0,0,0,0,0,1.1463848,0,0,0,2.8647906,0,2.293108,0,0,0,-,-
1755920327000,0,0.6430164,0,0,0,0,0,0.6430824,0,0,0,1.2859577,0,1.929439,0,0,0,-,-
1755920328000,0,0,0,0,0.8994965,0,0,0,0,0,0,0.89927,0,0,0,0,0,-,-
1755920329000,0,0.5397185,0,0,0,0,0,0.5396928,0,0,0,1.6194324,0,0,0,0,0,-,-
1755920330000,0,0,0,0,0,0,0,1.800378,0,0,0,1.8000284,0,0,0,0,0,-,-
1755920331000,0,0,0,0,0.9001207,0,0,0.9019441,0,0,0,0.9000762,0,3.602461,0,0,0,-,-
1755920332000,0,0.9001036,0.4500554,0,0,0,0,0.4500898,0,0,0,1.3501351,0,1.350232,0,0,0,-,-
1755920333000,0,0.8997449,0,0,0,0,0,0.899749,0,0,0,0.89977,0,0,0,0,0,-,-
1755920334000,0,0,0,0,0,0,0,0.9002106,0.8999757,0,0,1.8000828,0,0,0,0,0,-,-
1755920335000,0,0,0,0.000243,0.4498222,0,0,0.4498048,0,0,0,0.8997688,0,0,0,0,0,-,-
1755920336000,0.5725771,1.1451542,0,0,0,0,0,0.5725415,0,0,0,1.1451413,0,2.8621485,0,0,0,-,-
1755920337000,0,0,0,0,0,0,0,0.8005764,0,0,0,2.401008,0,4.0039675,0,0,0,-,-
1755920338000,0,0,0,0,0.2996608,0,0,0.2995783,0,0,0,0.8992523,0,0,0,0,0,-,-
1755920339000,0,0,0,0.2997331,0,0,0,0.6750964,0,0,0,2.0252074,0,0,0,0,0,-,-
1755920340000,0,0.3859407,0,0,0,0,0,0.3860328,0,0,0,1.5436554,0,0,0,0,0.3860707,-,-
1755920341000,0.8179714,0,0,0,0.8180332,0,0,0.8180634,0,0,0,3.2725305,0,2.454345,0.8180287,0,0,-,-
1755920342000,0,0.9002836,0,0,0,0,0,0.9002285,0,0,0,0.9000308,0,4.5012963,0,0.900239,0,-,-
1755920343000,0,0.900094,0,0,0,0,0,1.800253,0,0,0,2.700276,0,0,0,6.300261,0,-,-
1755920344000,0,0,0,0,0,0,0,0.8996587,0,0,0,2.699234,0,0,0,0,0,-,-
1755920345000,0,0,0,0,0,0,0,0,0,0,0,3.5999519,0,0,0,0,0,-,-
1755920346000,0,0,0,0,0.7201784,0,0,0.7202892,0,0,0,0.720135,0,1.4407458,0,0,0,-,-
1755920347000,0.692379,0.6923822,0,0,0,0,0,0.69247,0.6924775,0,0,2.0770829,0,4.1546183,0,0,0,-,-
1755920348000,0,0.5997644,0,0,0,0,0,0.5996657,0,0,0,2.3993037,0,0,0,0,0,-,-
1755920349000,0,0,0,0,0.8998081,0,0,2.699716,0,0,0,2.699792,0,0,0,0,0,-,-
1755920350000,0,0,0,0,0,0,0,0.9004012,0,0,0,1.800201,0,0,0,0,0,-,-
1755920351000,0,0.7500179,0,0,0,0.7500327,0,0.7500557,0,0,0,0.7500077,0,1.5000885,0,0,0,-,-
1755920352000,0,0,0,0,0.8996592,0,0,1.796657,0,0,0,0.8998753,0,3.596459,0,0,0.8992369,-,-
1755920353000,0,0,0,0,0,0,0,0.7721762,0,0,0,3.8595571,0,0,0,0,0,-,-
1755920354000,0,0.9001742,0,0.7718419,0,0,0,0.4500895,0,0,0,0.4500554,0,0,0,0,0,-,-
1755920355000,0,0,0,0,0,0,2.6999083,1.799555,0.8997587,0,0,1.799956,0,0,0,0,0,-,-
1755920356000,-,-,-,0.8999328,-,-,-,-,-,-,-,-,-,-,-,-,-,-,-
1755920357000,-,-,-,-,-,-,-,-,-,-,-,-,-,-,-,-,-,-,-
1755920358000,-,-,-,-,-,-,-,-,-,-,-,-,-,-,-,-,-,-,-
1755920359000,0,0,0,0.5730856,0.256452,0,1.6226246,1.3380119,0.5407483,0,0,1.5947402,0,0.7695085,0,0,0,-,-
1755920360000,0,0,0,0,0.642725,0,0,0.6428274,0,0,0,1.2856396,0,1.928557,0,0,0,-,-
1755920361000,0,0,0,0,0,0,0,0.6005268,0,0,0,1.2008935,0,0,0,0,0,-,-
1755920362000,0,0.9001515,0,0,0,0,0,0.900248,0,0,0,1.800056,0,0,0,0,0,-,-
1755920363000,0,0.8996705,0,0,0,0,0.8998122,1.798692,0,0,0,4.498956,0,0,0.8996422,0,0,-,-
1755920364000,0,0,0,0,1.028503,0,0,1.0284161,0,0,0,1.5428864,0,0,0,0,0,-,-
1755920365000,0,0,0,0,0,0,0,0.8007178,0,0,0,0.8002378,0,5.606004,0,0,0,-,-
1755920366000,0,0.5140744,0,0,0,0,0,0.5138363,0,0,0,1.0279671,0,0.5137937,0,0.5138058,0.5137997,-,-
1755920367000,0,0,0,0,0,0,0,0.7502912,0.75025,0,0,3.0004312,0,0,0,0,0,-,-
1755920368000,0,0,0,0,0.9002326,0,0,1.800943,0,0,0,1.8001588,0,0,0,0,0,-,-
1755920369000,0,0.4495581,0,0,0,0,0,0,0,0,0,1.7984599,0,0,0,0,0,-,-
1755920370000,0,0,0,0.4495832,0,0,0,0.9010122,0,0,0,1.8001816,0,5.4017161,0,0,0,-,-
1755920371000,0,0.7002923,0,0,0,0,0,2.101127,0,0,0,2.1009069,0,1.4011688,0,0,0,-,-
1755920372000,0,0,0,0,0,0,0,0,0,0,0,0.8999952,0,0.8999158,0,0,0,-,-
1755920373000,0,0,0,0,0.899962,0,0,1.7996109,0,0,0,0.8999766,0,0,0,0,0,-,-
1755920374000,0,0.9000364,0,0.8997056,0,0,0,0.450019,0,0,0,1.8001138,0,0.450051,0,0,0,-,-
1755920375000,0,0,0,0,0,0,0,1.800162,0,0,0,1.800138,0,3.6001852,0,0,0,-,-
1755920376000,0,0,0,0,0,0,0,0.7497584,0,0,0,1.4996368,0,2.2491759,0,0,0,-,-
1755920377000,0,0,0,0,0.7201799,0,0,1.4403962,0,0,0,1.4402115,0,0,0,0,0,-,-
1755920378000,0,1.799762,0,0,0.8998648,0,0,0.8997263,0,0,0,1.7999304,0,0,0,0,0,-,-
1755920379000,0,0.9001078,0,0,0,0,0,0.9003055,0,0,0,1.8000171,0,0,0,0,0,-,-
1755920380000,0,0,0,0,0,0,0,0.8995795,0,0,0,1.7993783,0,4.49704,0,0,0,-,-
1755920381000,0,0.90009,0,0,0,0,0,0.9002123,0,0,0,0.9000341,0,1.8007196,0,0,0.9002998,-,-
1755920382000,0,0,0,0.9000511,0,0,0,0.9000414,0,0,0,1.8000746,0,0,0,0,0,-,-
1755920383000,0,0.8999142,0,0,0.8998923,0,0,0.899902,0,0,0,1.799885,0,0.8999984,0,0,0,-,-
1755920384000,0,0,0,0,0,0,0,1.8001608,0.9000674,0,0,1.799954,0,0,0,0,0,-,-
1755920385000,0,0.8181763,0.818177,0,0,0,0,0.8181903,0,0,0,2.4545988,0,3.2728438,0,0,0,-,-
1755920386000,0,0,0,0.8182006,0,0,0,0.8999506,0,0,0,1.799934,0,1.799953,0,0.8999976,0,-,-
1755920387000,0,0.3599399,0,0,0,0,0,0,0.3599153,0,0,0.3599448,0,0,0.3599402,0,0,-,-
1755920388000,0,0,0,0.3599406,0.9000827,0,0,0.900175,0,0,0,1.800075,0,0,0,0,0,-,-
1755920389000,0,0,0,0,0,0,0,0.8999992,0,0,0,1.8000308,0,0,0,0,0,-,-
1755920390000,0,0.6998797,0,1.800008,0,0,0,1.3996574,0,0,0,1.3997128,0,2.7991012,0,0,0,-,-
1755920391000,0,0,0,0,0,0,0,0.7497444,0,0,0,2.2496008,0,1.499428,0,0,0,-,-
1755920392000,-,-,-,0,-,-,-,-,-,-,-,-,-,-,-,-,-,-,-
1755920393000,-,-,-,-,-,-,-,-,-,-,-,-,-,-,-,-,-,-,-
1755920394000,-,-,-,-,-,-,-,-,-,-,-,-,-,-,-,-,-,-,-
1755920395000,0,0.2394276,0,0,0.2394326,0,0,0.450647,0,0,0,1.8309741,0,1.3802154,0,0,0,-,-
1755920396000,0,0.6001708,0,0,0.6001832,0,0,0,0,0,0,1.2002336,0,1.2005988,0,0,0,-,-
1755920397000,0,0.2999419,0,0,0.2999424,0,0,0.2999157,0,0,0,0.5998644,0,0,0,0.2999062,0,-,-
1755920398000,0,0,0,0,0,0,0,0.9003671,0,0,0,1.800159,0,0,0,0,0,-,-
1755920399000,0,0,0,0.0011738,0,0,0,0.9001564,0,0,0,1.8000665,0,8.10151,0,0,0,-,-
1755920400000,0,0.2999767,0,0,0,0,0,0.899961,0,0,0,0.2999824,0,0.2999826,0,0,0,-,-
1755920401000,0,0,0,0,0,0,0,0.599842,0,0,0,0.5999408,0,0.5997864,0,0,0,-,-
1755920402000,0,0.7199034,0,0,0.7199202,0,0,0,0,0,0,2.159726,0,0,0,0,0,-,-
1755920403000,0,0,0,0,0,0,0,0.359729,0,0,0,0.3599229,0,1.0789057,0,0,0,-,-
1755920404000,0,0,0,0,0,0,0,0.491016,0,0,0,0.4909705,0,3.4383509,0,0,0.4911155,-,-
1755920405000,0.9002309,0.9002553,0,0.4909785,0,0,0,0.9003841,0.9003955,0,0,2.7003363,0,17.991117,0,0.9004814,0,-,-
1755920406000,0,0,0,0,0.899783,0,0,2.6994584,0,0,0,0.8998065,0.8998364,34.487595,0,3.6060955,0,-,-
1755920407000,0,0.8998259,0,0.6304586,0,0,0,1.731127,0,0,0,3.5993256,2.6990727,79.86076,0,8.99966,0,-,-
1755920408000,0,0,0,0,0.9000503,0,0,0.9002804,0,0,5.402393,3.064249,2.7010844,13.223031,0,0.8998591,0,-,-
1755920409000,0,0.84374,0,0,0.8437415,0,0,0.8436793,0,0,0,0.8437104,0,10.123733,0,0,0,-,-
1755920410000,0,0,0,0,0,0,0,0,0,0,0,1.2002264,0,4.8008262,0.6001173,0,0.600107,-,-
1755920411000,0,0.7708498,0,0,0,0,0,0.77061,0,0,0,3.8543884,0,0,0,0,0,-,-
1755920412000,0,0,0,0,0,0,0,0.6752917,0,0,0,1.3503883,0,0.6752802,0,0,0,-,-
1755920413000,0,0,0,0,0,0,0,0.5998939,0,0,0,0.300008,0,0,0,0,0,-,-
1755920414000,0,0.3212669,0,0,0.3212686,0,0,0.321351,0,0,0,0.6424866,0.321351,2.5707577,0,0,0,-,-
1755920415000,0,0,0.8999782,0,0,0,0,0.8999968,0,0,0,3.59968,0,2.7027844,0,0,0,-,-
1755920416000,0,0.8282379,0,0,0,0,0,0.8282967,0,0,0,0.8282312,0.8282707,325.38347,0,0,0,-,-
1755920417000,0,0.899647,0,0,0.8996503,0,0,0.8996818,0,0,0,1.79926,0,214.198869,0,0,0,-,-
1755920418000,0,0,0,0,0.7912429,0,0,0.7912101,0,0,0,3.9563744,0,166.45933,0,0,0,-,-
1755920419000,0,0.8161503,0,0.7912827,0,0,0,2.4485416,1.632433,0,0,4.0804771,0,147.7114,0,0,0,-,-
1755920420000,0,0,0,0,0,0,0,0.8240523,0,0,0,0.8241465,0,85.68957,0,0.8239952,0,-,-
1755920421000,0,0,0,0,0.8008764,0,0,0.8008238,0,0,0,2.4023937,0,104.09165,0,0,0,-,-
1755920422000,0,1.5173722,0,0,0,0,0.7588731,0.7584576,0.7583813,0,0,1.5177038,0,82.748627,0,0,0,-,-
1755920423000,0,0,0,0,0,0,0,0.727574,0,0,0,1.4548375,0,99.624439,0,0,0,-,-
1755920424000,0,0,0,0,0,0.8336173,0,2.5007394,0,0,0,2.500503,0,141.7038,0,0,0,-,-
1755920425000,0,0,0,0,0.7762863,0,0,0.7764338,0,0,0,3.105301,0,90.817945,0,0,0,-,-
1755920426000,0,4.500118,0,0,0,0,0,1.799981,0,0,0,3.5999868,0,117.00244,0,0,0,-,-
1755920427000,0,0.7326664,0,0.9000341,0,0,0,0.732679,0.7326948,0,0,2.930598,0,101.10215,0,0,0,-,-
1755920428000,-,-,-,0,-,-,-,-,-,-,-,-,-,-,-,-,-,-,-
1755920429000,-,-,-,-,-,-,-,-,-,-,-,-,-,-,-,-,-,-,-
1755920430000,-,-,-,-,-,-,-,-,-,-,-,-,-,-,-,-,-,-,-
1755920431000,0,0.44002,0,0,0,0,0,0.7534652,0.440037,0,0,2.7003002,0,95.8217,0,0.3134411,0,-,-
1755920432000,0,0,0,0,0,0,0,0.7847192,0,0,0,2.3540269,0,87.882073,0,0.7847276,0,-,-
1755920433000,0,0.8939972,0,0,0,0,0,0,0,0,0,0.894019,0,127.84817,0,0,0,-,-
1755920434000,0,0,0,0.8940174,0,0,0,3.2610852,0,0,0,4.0754384,0,112.47148,0,0,0.8152374,-,-
1755920435000,0,0.8285526,0,0,0.8285511,0,0,0,0,0,0,1.6572328,0,91.1504706,0,0,0,-,-
1755920436000,0,0.8078596,0,0,0,0,0,0.8079039,0,0,0,3.2314263,0,89.66839,0,0,0,-,-
1755920437000,0,0,0,0,0,0,0,0.7977979,0.7978525,0,0,3.1905959,0,89.3301304,0,0,0,-,-
1755920438000,0,0.7856006,0,0,0.7855949,0,0,1.5709792,0,0,0,3.142727,0,96.636902,0,0,0,-,-
1755920439000,0,0.8410087,0,0,0.8409815,0,0,1.681768,0,0,0,5.8912434,0,94.274195,0,1.6836942,0,-,-
1755920440000,0,0.9007475,0,0,0,0,0,3.6035707,0.9008992,0,0,4.500016,0.9009017,125.1062,0,0,0,-,-
1755920441000,0,1.707533,0,0,0.8537778,0,0,0.8538116,0,0,0,3.414819,0,123.76481,0,0,0,-,-
1755920442000,0,0.8400569,0,0,0,0,0,0.8400335,0,0,0,2.520185,0,96.609076,0,0,0,-,-
1755920443000,0,0.7106368,0,0,0,0,0,0.7106061,0,0,0,1.4213339,0,112.29723,0,0,0,-,-
1755920444000,0,0,0,0,0.6891397,0,0,1.37818,0,0,0,2.7564893,0,62.020367,0,0,0.6890783,-,-
1755920445000,0,2.7000687,0,0,0,0,0,1.800693,0,0,0,2.7002115,0,0,0,0,0,-,-
1755920446000,0,0.6257839,0,0,0,0,0,1.8773419,0,0,0,2.5031248,0,0,0.6257817,0,0,-,-
1755920447000,0,0.8982038,0,0.6257839,1.796419,0,0,1.796519,0,0,0,3.599058,0,0,0,1.8032556,0,-,-
1755920448000,0,0,0,0.8981949,0,0,0.9006024,0.4509119,0,0,0,1.8018135,0,3.1564915,0,0,0,-,-
1755920449000,0,0.8996349,0,0,0.899592,0,0,1.7990188,0.8994342,0,0,2.699394,0,3.5974637,0,0,0,-,-
1755920450000,0,0,0,0,0.7511658,0,0,0.7513309,0,0,0,2.2528179,0,0,0,0,0,-,-
1755920451000,0,1.5605642,0,0.7510001,2.3408695,0,0,0.7803791,0,0,0,6.242167,0,0,0,0,0,-,-
1755920452000,0,2.6986304,0,0.780266,0,0,0,0.8993799,0,0,0,3.598616,0,0,0,0,0,-,-
1755920453000,0,0.9003663,0,0,0.9003777,0,0,1.8010408,0,0,0,5.4021481,0,3.6016959,0,0,0,-,-
1755920454000,0,0.761333,0,0.9003169,0,0,0,0.7611864,0,0,0,3.806755,0,3.0450172,0,0,0,-,-
1755920455000,0,0,0,1.522725,0.8104194,0,0,0.8105522,0,0,0,4.8622243,0,0.8102583,0,0,0,-,-
1755920456000,0,0,0,0.8103684,0,0,0,0.8990449,0,0,0,2.6976448,0,0.8992683,0,0,0,-,-
1755920457000,0,1.3100878,0,0,0,0,0,0.6551548,0.655219,0,0,3.9302792,0,0,0,0,0,-,-
1755920458000,0,0,0,0.6550374,0.4844505,0,0,0.968861,0.4843948,0,0,1.4533592,0,1.4534066,0.4844515,0,0.4843917,-,-
1755920459000,0.5137507,0.5137309,0,0.4844515,0,0,0,1.540831,0,0,0,2.0550563,0,2.566976,0,0,0,-,-
1755920460000,0,0,0,0,0,0,0,0.0041967,0,0,0,3.6027933,0,0,0,0,0,-,-
1755920461000,0,0.771423,0,0,0.7714215,0,0,0.771423,0,0,0,3.0857131,0,0,0,0,0,-,-
1755920462000,0,1.7993216,0,0,0,0,0,1.7977866,0,0,0,5.398091,0,0,0,0.8995653,0,-,-
1755920463000,0,1.0799026,0,0,0,0,0,0.5399318,0,0,0,3.7797192,0,2.1594378,0,0,0,-,-
1755920464000,-,-,-,0.5399595,-,-,-,-,-,-,-,-,-,-,-,-,-,-,-
1755920465000,-,-,-,-,-,-,-,-,-,-,-,-,-,-,-,-,-,-,-
1755920466000,-,-,-,-,-,-,-,-,-,-,-,-,-,-,-,-,-,-,-
1755920467000,0,0.6492304,0.3401849,0.3439411,0,0,0,1.005015,0,0,0,5.3337255,0,3.3398823,0.3402737,0,0,-,-
1755920468000,0,0,0.8530072,0,0,0,0,1.706119,0,0,0,7.6763609,0,5.11938,0.8532299,0,0,-,-
1755920469000,0,0,0,0,0,0,0,0.9001145,0,0,0,1.800192,0,0,0,0,0,-,-
1755920470000,0,0.8998704,0,0,0,0,0,0,0.8998065,0,0,0.8998858,0,0,0,0,0,-,-
1755920471000,0,0,0,0,0.7875383,0,0,0.7875617,0,0,0,4.725218,0,0,0,0,0,-,-
1755920472000,0,0.5399873,0,0,0,0,0,1.0799746,0.5399882,0,0,1.6200442,0,4.3199918,0,0,0,-,-
1755920473000,0,0.6749253,0,0,0,0,0,0,0,0,0,1.3499004,0.674924,0,0,0,0,-,-
1755920474000,0,0.7194909,0,0,0,0,0,0.7193608,0,0,0,2.1583802,0,0,0,0,0,-,-
1755920475000,0,5.401658,0,0,0.9002998,0,0,2.701401,0,0,0,2.700615,0,0.9000778,0,0,0,-,-
1755920476000,0,0.9000511,0,0,0,0,0,0.9000673,0,0,0,3.600085,0,0,0,0,0,-,-
1755920477000,0,0,0,0,0,0,0,0.6748959,0,0,0,1.3498443,0,5.399117,0,0,0,-,-
1755920478000,0,0.4493893,0,0.6749112,0.4493735,0,0,0.4492972,0,0,0,1.3481811,0,0,0,0,0,-,-
1755920479000,0,0.5147277,0,0,0,0,0,0.5147991,0,0,0,2.058708,0,0,0,0,0.5148686,-,-
1755920480000,0,0,0,0,0,0,0,0.9001021,0,0,0,0.9000956,0,0,0,0,0,-,-
1755920481000,0,0.6419868,0,1.800211,0.6419856,0,0,1.925909,0,0,0,0.6420815,0,0,0.6419868,0,0,-,-
1755920482000,0,0,0,0,0,0,0.7884053,0.7886057,0,0,0,4.7307332,0,6.309221,0,0,0,-,-
1755920483000,0,0.8999668,0,0,0,0,0,1.7999968,0,0,0,1.7999548,0,0,0,0.9000057,0,-,-
1755920484000,0.5143865,0,0,0,0,0,0,0.5144004,0.5144106,0,0,1.5430438,0,0.5144425,0,0,0,-,-
1755920485000,0,0.4498706,0,0,0.4498634,0,0,0.4498484,0,0,0,1.3497372,0,0.4499111,0,0.4499107,0,-,-
1755920486000,0,0,0,0,0,0,0,1.800148,0,0,0,1.80007,0,0,0,0,0,-,-
1755920487000,0,0,0,0.8999887,0,0,0,2.700148,0,0,0,2.700119,0,6.3000794,0,0,0.9000381,-,-
1755920488000,0,1.7997572,0,0,0,0,0,0,0,0,0,1.799894,0,0.8999636,0,0,0,-,-
1755920489000,0,0,0,0.8998996,0.1799588,0,0,0.1799507,0,0,0,0.3599069,0,0.1799625,0,0,0,-,-
1755920490000,0,0,0,0,0,0,3.6013306,1.800376,1.8003954,0,0,1.800261,0,0,0,0.9001864,0,-,-
1755920491000,0,0.1500108,0,0,0.1500118,0,0.15001,0.1500137,0,0,0,0.3000239,0,0,0,0,0,-,-
1755920492000,0,0,0,0,0,0,0,0.5727056,0,0,0,1.7181374,0,4.0086071,0,0,0,-,-
1755920493000,0,0.8999433,0,0,0,0,0,2.699869,0,0,0,2.6999387,0,0,0,0,0,-,-
1755920494000,0,0.4499305,0,0,0.4499281,0,0,0,0,0,0,0.8998804,0,0,0,0,0,-,-
1755920495000,0,0,0,0,0,0,0,0.7201519,0,0,0,2.1603819,0,0,0,0,0,-,-
1755920496000,0,0.3599433,0,0.7201241,0,0,0,0.3599387,0,0,0,0.7198966,0,0.3599524,0,0,0,-,-
1755920497000,0,0,0,0,0,0,0,0.7364591,0,0,0,2.20941,0,5.1559102,0,0,0,-,-
1755920498000,0,0,0,0,0,0,0,1.3500102,0,0,0,0.449934,0,0,0.9000486,0,0,-,-
1755920499000,-,-,-,0,-,-,-,-,-,-,-,-,-,-,-,-,-,-,-
1755920500000,-,-,-,-,-,-,-,-,-,-,-,-,-,-,-,-,-,-,-
1755920501000,-,-,-,-,-,-,-,-,-,-,-,-,-,-,-,-,-,-,-
1755920502000,0,0.205213,0,0,0.2052122,0,0,0.8112832,0,0,0,1.0912438,0,0,0.5408805,0.2052057,0,-,-
1755920503000,0,0.5142485,0,0,0.5142466,0,0,0,0,0,0,2.0570089,0,0,0,0.5142304,0,-,-
1755920504000,0,0.7880199,0,0,0,0,0,2.3646498,0,0,0,3.1521368,0,0,0,0,0,-,-
1755920505000,0,0,0,0,0,0,0,0.900432,0,0,0,1.8001702,0,0.9000138,0,0,0,-,-
1755920506000,0,0.9001054,0,0,0.9001029,0,0,1.8002756,0,0,0,4.5003,0,7.201803,0,0,0,-,-
1755920507000,0,0,0.4498114,0,0,0,0,0.4498037,0.4497791,0,0,0.4498203,0,0,0,0,0,-,-
1755920508000,0,0.4497914,0,0,0,0,0,0,0.4497396,0,0,1.7991843,0,0,0,0,0,-,-
1755920509000,0,0,0,0,0.5144183,0,0,2.0577938,0,0,0,1.0287311,0,0,0,0,0,-,-
1755920510000,0,0.9004814,0,0,0,0,0,0.9005147,0,0,0,2.7013384,0,0,0,0,0,-,-
1755920511000,0,0.5784128,0,0,0,0,0,0.5783513,0,0,0,1.7352925,0,5.205364,0,0,0,-,-
1755920512000,0,0,0,0,0,0,0,0.9001248,0,0,0,1.800201,0,0.9000875,0,0,0,-,-
1755920513000,0,0,0,0,0,0,0,0.4500182,0,0,0,1.3500781,0,0.450028,0,0,0.4500118,-,-
1755920514000,0,0.7500297,0,0,0.750027,0,0,0.7500777,0,0,0,1.5000082,0,0.7500479,0,0,0,-,-
1755920515000,0,0,0,0,0,0,0,0.4498415,0,0,0,1.3496905,0,0,0,0,0.4498431,-,-
1755920516000,0,0,0,0.4499034,0,0,0,1.7344744,0,0,0,1.735058,0,4.6244293,0,0,0,-,-
1755920517000,0,0.9003768,0,0,0.9004166,0,0,0.0013431,0,0,0,0.9002309,0,0.9007816,0,0,0,-,-
1755920518000,0,0.3599479,0,0,0,0,0,0.3599249,0,0,0,1.0798373,0,0,0,0,0,-,-
1755920519000,0,0.4492449,0,0,0,0,0,0.4489322,0,0,0,1.3474703,0,0.4493343,0,0,0,-,-
1755920520000,0,0,0,0,0.540896,0,0,0.5412146,0,0,0,2.7039718,0,1.623192,0,0,0,-,-
1755920521000,0,0,0,0,0,0,0,0.793315,0,0,0,3.9684998,0,8.723901,0,0,0,-,-
1755920522000,0,0.4916059,0,0,0.4916373,0,0,1.4753187,0,0,0,1.9657714,0,0.4919812,0,0,0,-,-
1755920523000,0,0.8997814,0,0.4915457,0,0,0,0.8996341,0,0,0,1.7994479,0,0.8996098,0,0,0,-,-
1755920524000,0,0.8996777,0,0.8997895,0,0,0,0,0,0,0,4.498703,0,0.8994876,0,0,0,-,-
1755920525000,0.3598398,0,0,0,0.3598391,0,0,0.3598696,0,0,0,0.3598353,0,0.3597126,0,0,0,-,-
1755920526000,0,1.3501272,0,0,0,0,0,0.4499966,0.4499444,0,0,0.9001755,0,4.050819,0,0,0,-,-
1755920527000,0,0,0,0,0,0,0,0.9005017,0,0,0,2.7001876,0,4.507285,0,0.9006542,0,-,-
1755920528000,0,0.7627181,0,0,0.7627243,0,0,1.5255846,0,0,0,2.2881421,0,70.29903,0,0,0,-,-
1755920529000,0,0.8996624,0,0,0,0,0,2.698827,0,0,0,0.8998672,0,190.83309,0,0,0,-,-
1755920530000,0,0,0,0,0,0,0,3.60118,0.9003282,0,0,2.700428,0,288.02614,0,0,0,-,-
1755920531000,0,0,0,0.9002496,0.8163917,0,0,1.6329054,0,0,0,1.6328893,0,181.26595,0,0,0,-,-
1755920532000,0,0.8668328,0,0,0,0,0,0.8666067,0,0,0,6.069175,0,1045.8243,0.8668405,0,0,-,-
1755920533000,0,0,0,0.8669217,0.8053416,0,0,1.610866,0,0,0,2.4157356,0,1437.92488,0,0,0,-,-
1755920534000,0,0.8245965,0,0,0,0,0,1.6491873,0,0,0,4.9474945,0,1540.54654,0,0,0,-,-
1755920535000,-,-,-,0.8245876,-,-,-,-,-,-,-,-,-,-,-,-,-,-,-
1755920536000,-,-,-,-,-,-,-,-,-,-,-,-,-,-,-,-,-,-,-
1755920537000,-,-,-,-,-,-,-,-,-,-,-,-,-,-,-,-,-,-,-
1755920538000,0,0.8139054,0,0.5250713,0.3183699,0,0.3186877,2.582756,0,0,0,4.247499,0,1521.75728,0.3183691,0,0,-,-
1755920539000,0,0.7978058,0,0,0.7978058,0,0.7986021,3.988624,0,0,0,3.193372,0,1493.46242,0.7978036,0,0,-,-
1755920540000,0,3.2961904,0,0,0,0,0,1.6474614,0,0,0,2.472496,0,1513.9198,0,0,0,-,-
1755920541000,0,0.784524,0,0,0.7845863,0,0,0,0,0,0,4.706272,0,1419.81736,0,0,0.785175,-,-
1755920542000,0,0,0,0.7844547,0.8177245,0,0,2.453226,0,0,0,4.0883169,0,1511.71666,0,0,0,-,-
1755920543000,0,0.8084263,0,0,0,0,0,1.6167335,0.8083871,0,0,4.042097,0,1548.32303,0,0,0,-,-
1755920544000,0,0,0,0,0.8123875,0,0,0.8123625,0,0,0,3.2496861,0,1592.35118,0,0,0,-,-
1755920545000,0,1.7276306,0,0,0,0,0,5.1833315,0,0,0,6.047138,0,1474.61362,0,0,0.8639119,-,-
1755920546000,0,0.7838738,0.7838724,0,0.783871,0,0,1.5678604,0.7839875,0,0,3.919034,0,1619.24209,0,0,0,-,-
1755920547000,0,0,0,0.783799,0,0,0,1.6256345,0,0,0,7.3146735,0,1576.59195,0,0,0,-,-
1755920548000,0.8481946,0.848155,0,0,0,0,0,2.542967,0,0,0,3.393489,0,1624.0081,0,0,0,-,-
1755920549000,0,0.8069169,0,0,0.8070526,0,0.8068152,0.8072909,0,0,0,4.0348136,0,1542.34019,0,0,0,-,-
1755920550000,0,0.8179273,0,0,0.8178913,0,0,3.2708106,0,0,0,4.911044,0,1635.56362,0,0,0,-,-
1755920551000,0,0.8129956,0,0,0,0,0,1.626351,0.8132819,0,0,4.8760321,0,1453.09498,0,0.8108892,0,-,-
1755920552000,0,0.8332776,0,0,0.8332529,0,0,1.6663393,0,0,0,4.1666357,0,1494.07406,0.8332595,0,0,-,-
1755920553000,0,0.808739,0,0,0.808736,0,0,0.8087208,0,0,0,3.2348,0,1558.26254,0,0.8087084,0,-,-
1755920554000,0,0.8098211,0,0,0,0,0,1.6195884,7.285894,0,0,4.0496004,0,1371.37874,0,0,0,-,-
1755920555000,0,0,0,0,0.808208,0,0,0.8082887,0.8085428,0,0,3.2324727,0,1461.09238,0,0,0,-,-
1755920556000,0,0.8158752,0,0,0,0,0,2.447654,0,0,0,4.0794192,0,1563.1591,0,0,0.8153769,-,-
1755920557000,0,1.6661054,0,0.8158986,0.8330706,0,0,3.3324238,0.8331207,0,0,5.8393557,0,1616.78099,0,0,0,-,-
1755920558000,0,0.7634403,0,0,0.7634493,0,0,1.5267802,0,0,0,3.047615,0,1426.04791,0,0,0,-,-
1755920559000,0,0,0,0,0,0.8131531,0,1.6256334,0,0,0,3.252415,0,1445.14975,0,0,0,-,-
1755920560000,0,0.8241547,0,0,0.824128,0,0,1.6489075,0,0,0,4.9451169,0,1599.78737,0,0,0,-,-
1755920561000,0,0.7815907,0,0,0,0,0,0.7815266,0.7815133,0,0,3.126329,0,1291.22609,0,0,0,-,-
1755920562000,0,0.7911686,0,0,0.7911586,0,0,3.164519,0,0,0,3.165709,0,1665.29994,0,0,0,-,-
1755920563000,0,1.6639742,0,0,0.8320232,0,0,1.6644878,0,0,0,4.159409,0,1411.65383,0,0,0,-,-
1755920564000,0,0.7972572,0,0,0,0,0,1.59449,0,0,0,3.9856935,0,1658.6011,0,0,0,-,-
1755920565000,0,0.8105033,0,0.7972284,0,0,0,0.8105486,0,0,0,2.431475,0,1520.33495,0,0,0,-,-
1755920566000,0,0,0,0,0.7949652,0,0,1.5898419,0,0,0,2.385217,0,1512.34908,0,0,0,-,-
1755920567000,0,0,0,0,0,0,0,0.8169206,0,0,0,3.2683358,0,1518.32812,0,0,0,-,-
1755920568000,0,0.7884495,0,0,0.7884644,0,0,1.5768083,0,0,0,3.1536443,0,1558.61107,0,0,0,-,-
1755920569000,0,0.8074882,0,0,1.6150218,0,0,4.0382416,0.8076635,0,0,3.2301906,0,1549.4823,0,0,0,-,-
1755920570000,0,0.7903676,0,0,0,0,0,1.580195,0,0,0,4.7420119,0,1504.31441,0,0,0,-,-
1755920571000,-,-,-,0,-,-,-,-,-,-,-,-,-,-,-,-,-,-,-
1755920572000,-,-,-,-,-,-,-,-,-,-,-,-,-,-,-,-,-,-,-
1755920573000,-,-,-,-,-,-,-,-,-,-,-,-,-,-,-,-,-,-,-
1755920574000,0,0.8062049,0,0,0.3309945,0,0,1.6121541,0,0,0,4.5061755,0,1582.66121,0,0.3310043,0,-,-
1755920575000,0,0.8300849,0,0,0.8300782,0,0,1.6603429,0,0,0,4.150573,0,1700.79502,0,0.8301028,0,-,-
1755920576000,0,0.8076778,0,1.943597,0.807592,0,0,1.6146815,0,0,0,5.65458,0,1425.86689,0.8075978,0,0,-,-
1755920577000,0,4.1131398,0,0,0.8226841,0,0,1.6454288,0,0,0,8.226257,0,1399.90655,0.8226841,0,0.8225413,-,-
1755920578000,0,0.7730936,0,0,0.7731249,0,0,2.320201,0,0,0,3.0923025,0,1587.18854,0,0.7734427,0,-,-
1755920579000,0,0.8433232,0,0,0,0,0,5.0545606,0,0,0,16.867802,0,1256.63793,0,0,0,-,-
1755920580000,0,1.5937902,0,0,0.7968901,0,0,1.5950564,0,0,0,3.1873017,0,1564.89624,0,0,0,-,-
1755920581000,0,0.803567,0,0,0,0,0,0.8038712,0.8040508,0,0,52.2197147,0,1312.52356,0,0,0,-,-
1755920582000,0,0,0,0.8034468,0.8186202,0,0,1.6367762,0,0,4.090802,4.9131664,13.092212,1614.77567,0,0,0.8182235,-,-
1755920583000,0,0.809201,0,0,0.8092273,0,0,2.4280519,0,0,0,3.2361337,0,1665.51449,0,0,0,-,-
1755920584000,0,1.6726058,0,0.8090829,0,0,0,0.836078,0,0,0,4.1817034,0,1431.22621,0,0,0,-,-
1755920585000,0,0,0,0,0.7803839,0,0,4.6834292,0,0,0,4.680761,0,1380.50793,0,0,0,-,-
1755920586000,0,1.615893,0,0,0.8078521,0,0,1.6153178,0,0,0,3.2322126,0,1734.65908,0,0,0,-,-
1755920587000,0,0.8196275,0.8196822,0,0.8197146,0,0,2.459593,0.8200547,0,0,9.0134612,0,1541.90931,0,0,0,-,-
1755920588000,0,0,0.7973346,0,0.7972822,0,0,1.5943104,0,0,0,2.3921377,0,1396.53921,0,0.7970755,0,-,-
1755920589000,0.8180847,1.6361782,0,0,0,0,0,1.6362121,0,0,0,3.2727449,0,1462.78068,0,1.6369207,0,-,-
1755920590000,0,0,0,0,0.8232969,0,0,0.8237161,0,0,0,4.9376884,0,595.6368,0,0,0,-,-
1755920591000,0,0,0,0,0,0,0,1.799979,0,0,0,0.8999628,0,5.4000684,0,0,0,-,-
1755920592000,0,0.5402711,0,0.8999587,0.5402594,0,0,0.5402959,0,0,0,0.5402478,0,0.5401607,0,0,0,-,-
1755920593000,0,0,0,0,0,0,0,0,0,0,0,1.3502348,0,1.3502586,0,0,0,-,-
1755920594000,0,0.7714978,0,0,0,0,0,0.7715291,0,0,0,2.3144831,0,1.5429714,0,0,0,-,-
1755920595000,0,0.749779,0,0,0,0,0,0.7496778,0,0,0,0.7497885,0,1.4996943,0,0,0.7497122,-,-
1755920596000,0,0,0,0,0,0,0,0.5783534,0,0,0,1.7353668,0,5.204667,0,0,0,-,-
1755920597000,0,0,0,0.5784221,0.7506963,0,0,1.501598,0,0,0,0.750549,0,0.750378,0.7506902,0,0,-,-
1755920598000,0,0.8996179,0,0,0,0,0,1.799037,0,0,0,1.799257,0,0,0,0,0,-,-
1755920599000,0,0,0,0,0,0,0,0.6754105,0,0,0,1.350565,0,0.6752694,0,0,0,-,-
1755920600000,0,0.8357195,0,0,0,0,0.835712,0.8356955,1.671373,0,0,6.6857146,0,0.8357015,0,0,0,-,-
1755920601000,0,0,0,0,0.6428137,0,0,0.6428288,0,0,0,0.6428207,0,10.928429,0,0,0,-,-
1755920602000,0,0.7069804,0,0.6428172,0,0,0,0.7069728,0,0,0,2.8279931,0,5.6561748,0,0,0,-,-
1755920603000,0,0,0,0,0,0,0,1.799077,0,0,0,0,0,0,0,0,0,-,-
1755920604000,0,0.7273585,0,0,0.7273841,0,0,0.7274162,0,0,10.91264,1.4543964,2.1824413,1.4541914,0,0.7271614,0,-,-
1755920605000,0,0,0,0,0,0,0,0.6997274,0,0,2.799079,1.3995582,0.699747,0.6998426,0,0,0,-,-
1755920606000,0,0,0,0,0,0,0,0.572733,0,0,0,1.718366,0,4.0086009,0,0,0,-,-
1755920607000,-,-,-,0,-,-,-,-,-,-,-,-,-,-,-,-,-,-,-
1755920608000,-,-,-,-,-,-,-,-,-,-,-,-,-,-,-,-,-,-,-
1755920609000,-,-,-,-,-,-,-,-,-,-,-,-,-,-,-,-,-,-,-
1755920610000,0,0.3594285,0,0,0.3594311,0,0,1.0628593,0,0,0,1.3915396,0,3.1265646,0,0.3594188,0,-,-
1755920611000,0,0.9000211,0,0,0.9000276,0,0,1.800026,0,0,0,0.8999814,0,1.799953,0,0.8999968,0,-,-
1755920612000,0,0,0,0,0,0,0,0.8998624,0,0,0,1.799881,0,0,0,0,0.8998599,-,-
1755920613000,0,0.9004571,0,0,0.9004985,0,0,1.801198,0,0,0,0.9003525,0,14.402062,0,0,0,-,-
1755920614000,0,0,0,0,0,0,0,0.4499591,0,0,0,1.3498874,0,6.2994616,0,0,0,-,-
1755920615000,0,0.7873601,0,0,0,0,0,0.7873155,0,0,0,1.5747686,0,3.1493202,0,0,0,-,-
1755920616000,0,0,0,0,0,0,0,0.8999304,0,0,0,0.8999741,0,2.699901,0,0,0,-,-
1755920617000,0,0,0,0,0.9002707,0,0,1.3510853,0,0,0,1.800376,0,0.900462,0,0,0,-,-
1755920618000,0,0.5623582,0,0.4506849,0,0,0,0.562343,0,0,0,1.6871352,0,1.1248171,0,0.5623344,0,-,-
1755920619000,0,0,0,0,0,0,0,2.6998814,0,0,0,1.7999685,0,4.4993649,0,0,0,-,-
1755920620000,0,0.8998413,0,0,0.8998429,0,0,0,0,0,0,2.6995545,0,2.6997258,0,0,0,-,-
1755920621000,0.8998891,0,0,0,0,0,0,1.7994122,0,0,0,1.799862,0,0,0,0,0,-,-
1755920622000,0,0.4500711,0,0,0.4500711,0,0,0.4501108,0,0,0,0.4500667,0,0.4500687,0,0,0,-,-
1755920623000,0,0.6434597,0,0.4500756,0,0,0,0,0,0,0,1.9302813,0,1.2866391,0,0,0.6436168,-,-
1755920624000,0,0,0,0,0,0,0.6738108,2.0243767,0.8998696,0,0,3.5997318,0,6.299005,0,0,0,-,-
1755920625000,0,0.7999909,0,0,0,0,0,2.3999752,0,0,0,0.7999909,0,3.200095,0,0,0,-,-
1755920626000,0,0,0,0,0.6744494,0,0,0.6743808,0,0,0,0.6745392,0,0.6747438,0,0,0,-,-
1755920627000,0,1.6887814,0,0,0,0,0,0.5630042,0,0,0,2.2515947,0,0,0,0,0,-,-
1755920628000,0,0,0,0,0,0,0,1.800094,0,0,0,0.9000324,0,0.9000203,0,0,0,-,-
1755920629000,0,0,0,0,0,0,0,0,0.6427562,0,0,0.6427973,0,2.570949,0.6427892,0,0,-,-
1755920630000,0,0.8999798,0,0,0.8999822,0,0,1.80002,0,0,0,1.7999474,0.9000211,6.300026,0,0,0,-,-
1755920631000,0,0,0,0,0.8996834,0,0,0.8996341,0,0,0,2.6990802,0,1.799322,0,0,0,-,-
1755920632000,0,0.6749673,0,0,0,0,0,2.6994759,0,0,0,2.0249008,0,0,0,0,0,-,-
1755920633000,0,0,0,0,0,0,0,0.9004944,0,0,0,0.9003363,0,2.7092424,0,0,0,-,-
1755920634000,0,0,0,0.900325,0,0,0,0.7556451,0,0,0,1.5111868,0,178.64019,0,0,0,-,-
1755920635000,0,1.5433672,0,0,0.7716629,0,0,0.7715828,0,0,0,3.086838,0,335.76148,0,0,0,-,-
1755920636000,0,0,0,0,0,0,0,2.390953,0,0,0,2.3909242,0,1557.22569,0,0,0,-,-
1755920637000,0,0.8526737,0,0.7969685,0.8526361,0,0,0.8525157,0.8524689,0,0,3.411106,0,1551.66216,0,0,0,-,-
1755920638000,0,0,0,0,0.8199364,0,0,4.096372,0,0,0,4.9190035,0,1499.47198,0,0,0,-,-
1755920639000,0,0.8015042,0,0,0,0,0,1.6044074,0,0,0,1.6030054,0,1525.35828,0,0.8037035,0,-,-
1755920640000,0,1.5755888,0,0.8015034,0.7878064,0,0,0.7878533,0,0,0,3.9388072,0,998.64783,0,0,0,-,-
1755920641000,0,0.8002349,0,0,0.8002155,0,0,0.8001291,0,0,0,1.600487,0,1496.54645,0,0,0.8000161,-,-
1755920642000,0,0,0.8307004,0,0,0,0,1.6614577,0,0,0,4.9839337,0,1688.56676,0,0,0,-,-
1755920643000,-,-,-,0,-,-,-,-,-,-,-,-,-,-,-,-,-,-,-
1755920644000,-,-,-,-,-,-,-,-,-,-,-,-,-,-,-,-,-,-,-
1755920645000,-,-,-,-,-,-,-,-,-,-,-,-,-,-,-,-,-,-,-
1755920646000,0,0.3257259,0.4991982,0,0.3256981,0,0,1.6499212,0,0,0,3.9724054,0,1591.63496,0.325895,0.6516713,0,-,-
1755920647000,0,0.8162259,0,0,0.8161561,0,0,1.6325487,0,0,0,2.44918,0,1445.66848,0.8166495,1.6330015,0,-,-
1755920648000,0,0,0,0,0.8179044,0,0,3.271186,0.8176509,0,0,2.455639,0,1693.01594,0,0,0,-,-
1755920649000,0.8261805,0.8265208,0,0,0.826558,0,0,1.6533306,0,0,0,4.1314622,0,1424.46022,0,0,0,-,-
1755920650000,0,0.7932452,0,0,0,0,0,0.7932424,0,0,0,1.5860536,0,1638.4945,0.7932431,0,0,-,-
1755920651000,0,0.8240276,0,0,0,0,0,1.6476402,0.8236193,0,0,1.6482526,0,1487.86064,0,0.8236016,0,-,-
1755920652000,0,0,0,0,0.8129739,0,0,0.8129929,0,0,0,3.2517552,0,1558.58759,0,0,0,-,-
1755920653000,0,0.7808599,0,0,0,0,0,1.5621188,0,0,0,3.1258363,0,1176.90349,0,0,0,-,-
1755920654000,0,0,0,0.7814854,0.8042303,0,0,2.412528,0,0,0,1.6075285,0,1447.61707,0,0,0,-,-
1755920655000,0,0.7951368,0,0,0.7951032,0,0,1.5899117,0,0,0,3.9757732,0,1624.60942,0.7951139,0,0,-,-
1755920656000,0,0.840947,0,0,0,0,0,0.8411446,0,0,0,1.681231,0,1458.56737,0,0,0.8413394,-,-
1755920657000,0,0.8161705,0,0.8408531,0.8161522,0,0,2.4483576,0,0,0,2.4485682,0,1678.41498,0,0,0,-,-
1755920658000,0,0,0,0,0,0,0,1.6299247,0,0,0,3.260376,0,1650.21282,0,0,0,-,-
1755920659000,0,0.7857641,0,0,0.7857648,0,0,1.5713416,0,0,0,3.9292664,0,1501.69815,0,0,0,-,-
1755920660000,0,0.8143179,0,0,0,0,0,4.0725913,0,0,0,3.2568816,0,1408.72838,0,0,0.8145205,-,-
1755920661000,0.8174197,0.817416,0,0,0.8174285,0,0,0.8174013,0.8173844,0,0,3.2697897,0,1291.79403,0,0,0,-,-
1755920662000,0,0.818669,0,0,0.8186507,0,0,2.4461143,0.815245,0,0,3.2748738,0,1743.00348,0,0,0,-,-
1755920663000,0,0.7850538,0,0,0.7850319,0,0,1.5758812,0,0,0,5.498649,0,1570.50324,0,0,0,-,-
1755920664000,0,0.8236167,0,0.7850956,0,0,0,1.647698,0,0,0,5.7647152,0,1386.48671,0,0,0,-,-
1755920665000,0,1.6270806,0,0,0.8135388,0,0,1.6270147,0,0,0,6.508363,0,1325.33838,0,0,0,-,-
1755920666000,0,0.8320631,0,0,0.8319944,0,0,4.978285,0,0,0,7.486482,0,1654.847,0.8320033,0,0,-,-
1755920667000,0,0.7960894,0,0,0.7961398,0.7961448,0,2.394954,0.7983245,0,0,7.1645418,0,1364.1099,0,0,0,-,-
1755920668000,0,0.8017612,0,0.7960787,0.8017403,0,0,0.8015925,0,0,0,4.811302,0,1549.73222,0,0,0.8013649,-,-
1755920669000,0,0,0,0,0.8055683,0,0,1.6116858,0,0,0,4.831821,0,1508.45063,0,0,0,-,-
1755920670000,0,0.8037447,0.8037404,0,0,0,0,2.411198,0,0,0,12.859854,0,1580.94208,0,0,0,-,-
1755920671000,0,1.5833314,0,0,0.7916471,0,0,1.5828926,0,0,0,6.333784,0,1469.00331,0,0,0,-,-
1755920672000,0,0.8200014,0,0.7917291,0.8188884,0,0,5.7316223,0,0,0,5.7390656,0,1522.61189,0,0,0,-,-
1755920673000,0,0.8072236,0,0,0.8082354,0,0,3.2332093,0,0,0,7.267298,0,1550.35589,0,0,0,-,-
1755920674000,0,0.779917,0,0,0,0,0,1.5602977,0,0,0,5.458616,0,1330.9749,0,0,0.7803568,-,-
1755920675000,0,3.28222,0,0.7798258,0.8205328,0,0,2.461625,0,0,0,4.924495,0,1644.40969,0,0,0,-,-
1755920676000,0,1.6138478,0,0,0.8069507,0,0,3.227609,0,0,0,6.455523,0,1483.77433,0,0,0,-,-
1755920677000,0,0,0,0,0.8115076,0,0,1.6230871,0.8117353,0,0,3.2455379,0,1571.92548,0.8115128,0,0,-,-
1755920678000,0,0.8160038,0,0,0.8160053,0,0,4.0788368,0,0,0,4.8955484,0,1533.25808,0,0,0,-,-
1755920679000,-,-,-,0.8159957,-,-,-,-,-,-,-,-,-,-,-,-,-,-,-
1755920680000,-,-,-,-,-,-,-,-,-,-,-,-,-,-,-,-,-,-,-
1755920681000,-,-,-,-,-,-,-,-,-,-,-,-,-,-,-,-,-,-,-
1755920682000,0,0.8092294,0,0.5196071,0.490381,0,0.3188728,3.4079863,0,0,0,5.1741684,0,1555.6089,0.3189213,0.3188487,0,-,-
1755920683000,0,0.7990274,0,0,0,0,0.7990864,2.397704,0,0,0,5.5937615,0,1589.26878,0.7992079,0.799026,0,-,-
1755920684000,0.8056725,1.6113422,0,0,0,0,0,0.8058263,0.8057878,0,0,6.445481,0,1595.08918,0,0,0,-,-
1755920685000,0,0,0,0,0.8203453,0,0,1.6407025,0,0,0,4.1020794,0,1505.07477,0,0,0,-,-
1755920686000,0,0.7975098,0,0,0.7975358,0,0,2.392122,0,0,0,5.581167,0,1505.49304,0,0,0.7972456,-,-
1755920687000,0,0.8059294,0.8059453,0.7974802,0.8059561,0,0,4.8376968,0,0,0,4.8356972,0,1276.37838,0.8059518,0,0,-,-
1755920688000,0,0.8147239,0,0,0,0,0,1.629269,0,0,0,5.703345,0.814622,1658.5632,0,0,0,-,-
1755920689000,0,0.8015985,0,0,0.8015964,0,0,3.2064348,3.206438,0,0,5.6105506,0,1465.41818,0,0,0,-,-
1755920690000,0,0.8141794,0,0,0,0,0,1.6278373,0,0,0,4.0709998,0,1279.92253,0,0,0,-,-
1755920691000,0,0.7939767,0,0.0001433,0.7939467,0,0.7940346,3.1767105,1.5896856,0,0,4.7642214,0,1605.57324,0,0.7941267,0,-,-
1755920692000,0,1.6162978,0,0,0.8081286,0,0,2.4243619,0,0,0,6.4725364,0,1432.57641,0,0,0,-,-
1755920693000,0,0.7982058,0,0,0.7982253,0,0,3.991005,0,0,0,6.386657,0,1523.30588,0,0,0,-,-
1755920694000,0,0.7827539,0,0,0.7827561,0,0,1.5655009,0,0,0,4.694489,0,1506.49615,0,0,0,-,-
1755920695000,0,0.8230995,0,0,0,0,0,2.468533,0,0,0,4.1156579,0,1587.53066,0,0,0,-,-
1755920696000,0,0.8123876,0,0,0.8124124,0,0,1.6255362,0.8129519,0,0,5.704172,0,1519.6979,0,0,0,-,-
1755920697000,0,0.8162493,0,0,0.8161661,0,0,1.6320094,0,0,0,4.068695,0,1547.72495,0,0,1.6319594,-,-
1755920698000,0,0.8229066,0,0.823377,0,0,0,2.467839,0,0,0,4.9402,0,1458.70838,0,0,0,-,-
1755920699000,0.8142234,1.6286564,0,0,0.8143869,0,0,2.443643,0,0,0,5.699693,0,1605.41609,0.8143847,0,0,-,-
1755920700000,0,0,0,0,0.8028395,0,0,3.212095,0,0,0,5.6204464,0,1520.0173,0,0.8031373,0,-,-
1755920701000,0,0.7998822,0,0,1.599675,0,0,1.5997285,0,0,0,3.9988855,0,1503.52197,0,0.7998282,0,-,-
1755920702000,0,0.8009273,0,0,0.8009928,0,0,1.6018475,0,0,0,6.406614,0,1492.1067,0,0,0,-,-
1755920703000,0,0.7868426,0,0,0,0,0,2.3599448,0.7862414,0,0,3.9343323,0,1421.8518,0.7868391,0.7852276,0,-,-
1755920704000,0,1.677894,0,0,0.8389741,0,0,2.5176299,0.839684,0,0,3.3551708,0,1663.3324,0,0,0,-,-
1755920705000,0,0,0.7981909,0,0.7981679,0,0,1.5963632,0,0,0,3.9923459,0,1516.59427,0,0,0,-,-
1755920706000,0,0.8185793,0,1.6381932,0,0,0,2.4554178,0,0,0,4.0942449,0,1489.52827,0,0,0,-,-
1755920707000,0,0.859034,0,0,0.8590696,0,0,4.296002,0,0,0,1.716808,0,1495.13915,0,0,0,-,-
1755920708000,0,0.7627798,0,0,0,0,0,0.7627106,0,0,0,4.5779157,0,1165.72701,0,0,0,-,-
1755920709000,0,0,0,0,0.8607588,0,0,0.8610288,0,0,0,2.5800319,0,325.20713,0,0,0,-,-
1755920710000,0,0.9002342,0,0.0001754,0,0,0,0.9005117,0,0,0,0.9000657,0,0,0,0,0,-,-
1755920711000,0,0,0,0,0.7199565,0,0,0.7199435,0,0,0,1.4399422,0,0.7199669,0,0,0,-,-
1755920712000,0,0.4496483,0,0,0,0,0,0.899168,0,0,0,1.3492727,0,0,0,0,0,-,-
1755920713000,0,0,0,0,0.5628403,0,0.562589,0.5628742,0.5627637,0,0,0.5626057,0,1.1253662,0,0,0.5627678,-,-
1755920714000,-,-,-,-,-,-,-,-,-,-,-,-,-,-,-,-,-,-,-
1755920715000,-,-,-,-,-,-,-,-,-,-,-,-,-,-,-,-,-,-,-
1755920716000,-,-,-,-,-,-,-,-,-,-,-,-,-,-,-,-,-,-,-
1755920717000,0,0,0,0,0.3382745,0,0.3381235,0.3382949,0.3382284,0,0,1.4153974,0,3.5498152,0,0,0.3382309,-,-
1755920718000,0,0,0,0,0,0,0,0,0,0,0,2.6999999,0,7.201881,0,0,0,-,-
1755920719000,0,1.4402582,0,0,0,0,0,0.7201401,0,0,0,0.7201142,0,0.7201356,0,0,0,-,-
1755920720000,0,0,0,0,0.5394268,0,0,1.0786344,0,0,0,0,0,0.5397369,0,0,0.5392963,-,-
1755920721000,0,0,0,0,0,0,0,0,0,0,0,1.4412444,0,2.162817,0,0,0,-,-
1755920722000,0,0.7411609,0,0,0,0,0,2.2233446,0.7410948,0,0,1.4822211,0,6.6693977,0.7411596,0,0,-,-
1755920723000,0,0,0,0,0,0,0,0.5134543,0,0,0,2.5686272,0,0.51376,0,0,0,-,-
1755920724000,0,0.900582,0,0,0,0,0,1.8016118,0,0,0,1.8002058,0,0,0,0,0,-,-
1755920725000,0,0,0,0,0.3372371,0,0,0.3371934,0.3371577,0,0,1.0119464,0,0.3373273,0,0,0,-,-
1755920726000,0,0.771813,0,0.3373604,0.7718248,0,0,0.7719165,0,0,0,2.3150556,0,0.7717192,0,0,0,-,-
1755920727000,0,1.384999,0,0,0,0,0,0.6924546,0,0,0,1.3847035,0,5.538994,0,0,0,-,-
1755920728000,0,0.4496719,0,0,0,0,0,0.8992993,0,0,0,0.8995809,0,0.4497771,0,0,0,-,-
1755920729000,0,0,0,0,0.8967676,0,0,0.8968223,0,0,0,3.5936632,0.8968674,2.690131,0,0.8968819,0,-,-
1755920730000,0,0.9035651,0,0,0,0,0,1.8072104,0,0,0,1.7998802,0,0.9034827,0,0,0,-,-
1755920731000,0,0,0,0,0.9002528,0,0,0.9002237,0,0,0,0.8999741,0,2.7032398,0,0,0,-,-
1755920732000,0,0,0,0,0,0,0,0,0,0,0,2.5188709,0,243.96533,0,0,0,-,-
1755920733000,0,0.6631772,0,0,0,0,0,0.663216,0,0,0,1.326447,0,9.948227,0,0,0,-,-
1755920734000,0,0.7771663,0,0,0.7771579,0,0,1.554264,0,0,0,2.3316142,0,1397.41624,0,0,0,-,-
1755920735000,0,0.7913861,0,0,0,0,0,2.3743123,0,0,0,3.1649664,0,1245.55499,0,0,0,-,-
1755920736000,0,0,0,0.79126,0,0,0,1.6013884,0,0,0,3.2047997,0,1580.76048,0,0.8015537,0,-,-
1755920737000,0,0.7972583,0,0,0.7970776,0,0,0.7971622,0,0,0,4.7838398,0,1482.2591,0,0.7944352,0,-,-
1755920738000,0,0.8173751,0,0,0.8175207,0,0,2.4495412,0,0,0,4.9056561,0,1432.05162,0,0,0,-,-
1755920739000,0,0.7931318,0,0,0.793159,0,0,1.5883711,0,0,0,3.9630966,0,1476.64229,0.7931504,0,0.7942198,-,-
1755920740000,0,0.825609,0,0,0,0,0,0.8256521,0.8259249,0,0,4.9536322,0,1585.23861,0,0,0,-,-
1755920741000,0,0.8142908,0,0,0.8142865,0,0,4.88495,0,0,0,7.3387164,0.8141319,1511.31265,0,0.8153834,0,-,-
1755920742000,0,0.7606316,0,0,0.7606371,0,0,2.2822035,0.7607784,0,0,3.0392404,0,1465.63463,0,0.7607872,0,-,-
1755920743000,0,0.7829703,0,0,0,0,0,0.7829036,0,0,0,7.830073,0,1526.07454,0,0,0,-,-
1755920744000,0,0.8082064,0,0,0.8082626,0,0,1.616683,0,0,0,3.2325158,0,1154.0151,0,0,0,-,-
1755920745000,0,0.7805777,0.7805727,0.8081546,0.7805593,0,0,1.5609854,0,0,0,4.6840607,0,1633.84217,0,0,0,-,-
1755920746000,0,0,0,0.7806682,0.8047493,0,0,1.6088993,0,0,0,4.0253335,0,1540.03125,0,0,0,-,-
1755920747000,0,0.7975025,0,0,0.7974874,0,1.5939739,2.3830871,0,0,0,8.764731,0,1507.23908,0,0,0,-,-
1755920748000,0,1.5739533,0,0,0.7870461,0,0,3.9523214,0,0,0,1.5734087,0,1276.13904,0,0,0,-,-
1755920749000,1.6413054,0.8205473,0,0,0.8204544,0,0,2.4605124,0,0,0,8.211525,0,1477.73957,0,0,0,-,-
1755920750000,-,-,-,0,-,-,-,-,-,-,-,-,-,-,-,-,-,-,-
1755920751000,-,-,-,-,-,-,-,-,-,-,-,-,-,-,-,-,-,-,-
1755920752000,-,-,-,-,-,-,-,-,-,-,-,-,-,-,-,-,-,-,-
1755920753000,0.986299,1.1386123,0,0,0.8158161,0.3228076,0,2.4471875,0.3229835,0,0,6.870366,0,1485.5137,0,0,0.3231044,-,-
1755920754000,0,1.6175498,0,0,0.8088318,0.8088865,0,2.4271232,0.8093271,0,0,4.8508666,0,1497.22001,0,0,0.8096301,-,-
1755920755000,0,1.5980678,0,0,0.7989506,0,0,1.5975323,0,0,0,3.9983556,0,1452.23217,0,0,0,-,-
1755920756000,0,0.8439994,0,0,0,0,0,2.5327214,0,0,0,6.748489,0,1402.62502,0,0,0,-,-
1755920757000,0,0,0,0,1.5897636,0,0,3.97339,0,0,0,3.1784588,0,1615.12252,0,0,0,-,-
1755920758000,0,1.5797866,0,0,0,0,0,1.580744,0.7905998,0,0,5.529207,0,1560.02034,0,0,0,-,-
1755920759000,0,0.8130382,0,0.7898919,0.8130177,0,0.8132812,3.2508451,0,0,0,4.878354,0,1395.53756,0,0.8128874,0.812535,-,-
1755920760000,0,0.8144645,0,0,0,0,0,1.6294,0,0,0,6.5144602,0,1419.37333,0,0.8147748,0,-,-
1755920761000,0,0.7934721,0,0,0.7934428,0,0,3.172504,0,0,0,3.9686764,0,1633.92511,0,0,0,-,-
1755920762000,0,0.8053167,0,0,0.8053181,0,0,0.8054291,0.8055902,0,0,2.415813,0,1262.72867,0,0,0.8054603,-,-
1755920763000,0,1.6330438,0,0,0.8165822,0,0,4.9015067,0,0,0,4.0819648,0,1592.53106,0,0,0,-,-
1755920764000,0,0.8284499,0,0,0,0,0,1.6566448,0,0,0,2.4852314,0,1620.5258,0,0,0,-,-
1755920765000,0,0,0.7716087,0,0.7715636,0,0,2.314198,0,0,0,6.175208,0,1283.58615,0,0,0,-,-
1755920766000,0,1.6323732,0,1.5438964,0.8162564,0,0,1.6326188,0.8174024,0,0,5.7116541,0,1357.13794,0.816216,0,0,-,-
1755920767000,0,0.7915634,0,0,0.7915173,0,0,2.3741262,0,0,0,8.728495,0,1529.19273,0,0,0,-,-
1755920768000,0,0.8044356,0,0,0,0,0,1.608938,0,0,0,7.223102,0,1352.29318,0,0,0,-,-
1755920769000,0,0.8342122,0,0,1.668462,0,0.8338097,5.840807,0,0,0,6.671767,0,1538.88951,0.8342242,0,0,-,-
1755920770000,0,1.627552,0,0,0.8137415,0,0,1.6271508,0,0,0,3.2552039,0,1517.06682,0,0,0.8137129,-,-
1755920771000,0,0.767543,0,0,0,0,0,2.303218,0.7676743,0,0,3.0694601,0,1171.74387,0,0,0,-,-
1755920772000,0,0.8067753,0,0,0,0,0,1.6136699,0,0,0,4.0333095,0,1616.6339,0,0,0,-,-
1755920773000,0,0.8066307,0,0.8065945,0.8066053,0,0,0.8066155,0,0,0,4.0336461,0,1561.85424,0,0,0,-,-
1755920774000,0,0.7745304,0,0,0,0,0,2.3238633,0,0,0,3.8724816,0,1523.40118,0,0,0,-,-
1755920775000,0.8370746,0,0,0,0.8370708,0,0,3.348184,0,0,0,4.1852,0,1485.95641,0,0,0,-,-
1755920776000,0,1.5569648,0,0,0,0,0.7788823,2.335128,0,0,0,3.8938517,0,1549.57539,0,0,0,-,-
1755920777000,0,4.165267,0,0,1.6661472,0,0,1.666371,0,0,0,3.3306602,0,1452.25587,0,0.8332598,0,-,-
1755920778000,0,0.830755,0,0,0,0,0,1.6614697,0,0,0,4.153722,0,1594.97849,0,0,0,-,-
1755920779000,0,0.7683021,0,0,0,0,0,2.3037862,0,0,0,8.4609884,0,1324.10559,0,0.7677908,0,-,-
1755920780000,0,0.7819892,0,0,0.7819978,0,0,1.5639209,1.5635324,0,0,3.9078763,0,1588.8582,0.7819865,0,0,-,-
1755920781000,0,0,0,0,0.8049744,0,0,1.6100083,0,0,0,6.437695,0,1391.50307,0,0,0,-,-
1755920782000,0,0.8070079,0,0,1.6137244,0,0,4.0327174,0,0,0,5.6515424,0,1524.22943,0,0,0,-,-
1755920783000,0,0.831076,0,0.8073538,0,0,0,0.8318524,0,0,0,4.984088,0,1635.46481,0,0,0,-,-
1755920784000,0,0.7914649,0.7914734,0,0.7914877,0,0,2.3746986,0,0,0,7.912798,0,1206.05663,0,0,0,-,-
1755920785000,0,1.5939318,0,0,0,0,0,2.389923,0,0,0,4.784372,0,1269.9778,0,0,1.5926346,-,-
1755920786000,-,-,-,0,-,-,-,-,-,-,-,-,-,-,-,-,-,-,-
1755920787000,-,-,-,-,-,-,-,-,-,-,-,-,-,-,-,-,-,-,-
1755920788000,-,-,-,-,-,-,-,-,-,-,-,-,-,-,-,-,-,-,-
1755920789000,0,0.9577686,0,0,0.3331757,0,0,2.435781,0,0,0,5.539055,0,1446.93348,0,0,0.956989,-,-
1755920790000,0,0,0,0,0.8347848,0,0,2.5048225,0,0,0,6.675263,0,1713.3471,0,0,0,-,-
1755920791000,0,1.6558134,0,0,0.8278926,0,0,4.1406885,0,0,0,5.7960088,0,1630.21022,0,0,0,-,-
1755920792000,0,0,0,0,0.7966631,0,0,1.5931973,0,0,0,3.9835678,0,1448.49677,0,0,0,-,-
1755920793000,0,0.8018421,0,0.7967413,0,0,0,1.603765,0,0,0,7.2184335,0,1575.94321,0,0,0,-,-
1755920794000,0.8162571,1.6325289,0,0,0.8162916,0,0,2.448981,0,0,0,3.2639904,0,1512.8253,0,0,0,-,-
1755920795000,0,0.7933234,0,0,0.7933162,0,0.7936796,2.38009,0.7933498,0,0,6.348087,0,1366.16162,0,0,0,-,-
1755920796000,0,0,0,0,0,0,0,2.3877175,0,0,0,3.977956,0,1246.43312,0,0,0,-,-
1755920797000,0,1.6196548,0,0,0.8098288,0,0,1.6197146,0,0,0,5.668363,0,1659.12302,0.8098434,0,0,-,-
1755920798000,0,0,0,0,0.8000041,0,0,3.999931,0,0,0,4.804351,0,1601.96234,0,0,0,-,-
1755920799000,0,0.7856411,0,0,0,0,0,1.5706569,0,0,0,5.4956303,0,1381.84942,0,0,0,-,-
1755920800000,0,0.7999497,0,0.7849975,0.8000051,0,0,1.5990648,0,0,0,4.0007306,0,1395.48123,0,0,0,-,-
1755920801000,0,0.7753294,0,0,0.7753141,0,0,2.327511,0,0,0,6.2036558,0,1612.80357,0,0,0,-,-
1755920802000,0.8251736,0.8251908,0,0.7753948,0.8252229,0,0,2.4759954,0,0,0,6.598821,0,1490.5328,0,1.649558,0.825161,-,-
1755920803000,0,1.651125,0,0,0.825546,0,0,1.6511962,0,0,0,6.604376,0,1520.68064,0,0,0,-,-
1755920804000,0,0.8139091,0,0,0,0,0,2.440474,0.8123866,0,0,4.8842509,0,1224.38659,0,0,0,-,-
1755920805000,0,0.8334724,0,0,0.833513,0,0.8333284,3.3357999,0,0,0,5.8351704,0,995.17766,0,0,0.83602,-,-
1755920806000,0,0,0.4008267,0,0.4008364,0,0,0.4009253,0.4009657,0,0,1.2017511,0,0.8011539,0,0,0,-,-
1755920807000,0,0.8999328,0,0,0,0,0,1.797663,0,0,0,2.7000631,0,6.298521,0,0,0,-,-
1755920808000,0,0,0,0,0,0,0,0.9002553,0,0,0,3.600624,0,3.60111,0,0,0,-,-
1755920809000,0,0.9000754,0,0,0.9000762,0,0,0.9001184,0,0,0,3.600184,0,0,0,0,0,-,-
1755920810000,0,0,0,0,0,0,0,0.8998713,0,0,0,0.8999369,0,0,0,0,0,-,-
1755920811000,0,0,0,0,0,0,0,1.8000406,0,0,0,1.800104,0,0.9000373,0,0,0,-,-
1755920812000,0,0.6543121,0,0.8994154,0,0,0,1.3083218,0,0,0,1.9630661,0,3.2699162,0,0,0,-,-
1755920813000,0,0.3463862,0,0,0.3463952,0,0,0.3464685,0,0,0,1.7316413,0,1.7325985,0,0,0,-,-
1755920814000,0,0,0,0,0,0,0,0.8989199,0,0,0,2.697598,0,2.697835,0,0,0,-,-
1755920815000,0,0,0,0,0,0,0,0.7879547,0,0,0,2.363797,0,2.3636281,0,0,0,-,-
1755920816000,0,0.9001183,0,0.7878653,0,0,0,0.9002447,0,0,0,3.6002652,0,0.9000171,0.900124,0,0,-,-
1755920817000,0,0.5249697,0,0,0.5249644,0,0,1.0499233,0,0,0,2.0998763,0,2.0998526,0,0,0,-,-
1755920818000,0,0,0,0,0.9000162,0,0,0.9000227,0,0,0,1.799939,0,3.600243,0,0,0,-,-
1755920819000,0,0,0,0,0,0,0,0.2250198,0,0,0,0.6750562,0,0.4500086,0.2250212,0.2250204,0,-,-
1755920820000,0,0.8999458,0,0,0,0,0,0.8999247,1.79983,0,0,1.7999216,0,0,0,0,0,-,-
1755920821000,0,0.4500373,0,1.798772,0.4500361,0,0,0.4500454,0,0,0,1.3501614,0,0.9001184,0,0,0,-,-
1755920822000,-,-,-,0,-,-,-,-,-,-,-,-,-,-,-,-,-,-,-
1755920823000,-,-,-,-,-,-,-,-,-,-,-,-,-,-,-,-,-,-,-
1755920824000,-,-,-,-,-,-,-,-,-,-,-,-,-,-,-,-,-,-,-
1755920825000,0,0.2705371,0,0,0.2705364,0,0.6427764,1.0591729,0,0,0,1.5295397,0,3.4117267,0,0.358867,0,-,-
1755920826000,0,0,0,0,0,0,1.611549,1.977231,0,0,0,1.799893,0,7.197145,0,0.8997401,0,-,-
1755920827000,0,0,0,0,0,0,0,0,0.3599329,0,0,0.3599604,0,0.7199192,0,0,0.3599283,-,-
1755920828000,0,1.3496293,0,0,0,0,0,0.4498898,0,0,0,0.8998736,0,0,0,0,0,-,-
1755920829000,0,0,0,0,0.6002943,0,0,0.6003186,0,0,0,3.0010823,0,0.6002127,0,0.6003478,0,-,-
